section_id,section_title,section_viet,section_num,section_note,item_code,item_viet,item_eng,price,size_S,size_M,size_L,size_XL
hotpot,New Seafood Hot Pot,Lẩu Hải Sản,01,All hot pots are served with a live burner at your table — please notify us of any food or nuts allergies.,—,Special Hot Pot,"Tôm, cua, chem chép, ốc, cá viên, bò viên, tái — Shrimp, imitation crab meat, mussel, surf clam, squid, fish ball, beef ball, rare beef",128.00,,,,
,,,,,—,Special Hot Pot for 2,"Same as Special Hot Pot, portioned for two",72.00,,,,
,,,,,—,Regular Hot Pot,"Tôm, cua, cá viên, bò viên, tái — Shrimp, imitation crab meat, squid, fish ball, beef ball, rare beef",108.00,,,,
,,,,,—,Regular Hot Pot for 2,"Same as Regular Hot Pot, portioned for two",62.00,,,,
sides,Small Side Order,Món Phụ,02,,1,Dĩa Chả Lụa,Vietnamese sausage (s.dish),5.99,,,,
,,,,,2,Chén Cơm,Steamed rice (s.bowl),5.99,,,,
,,,,,3,Chả Giò (1),Spring roll (1),5.50,,,,
,,,,,4,Nem Nướng (1),Grilled meat ball (1),5.99,,,,
,,,,,5,Chạo Tôm (1),Grilled shrimp on sugar cane (1),7.50,,,,
,,,,,6,Tôm Rim (1),Shrimp with sauce (side),7.50,,,,
,,,,,7,Trứng Ổp La (1),Fried egg (1),2.99,,,,
,,,,,8,Sườn Nướng (1),Grilled pork chop (1),6.99,,,,
,,,,,9,Gà Nướng (1),Grilled chicken with lemongrass (1),6.99,,,,
,,,,,10,Chả Trứng (1),Steamed egg mixed w/ ground pork (1),3.99,,,,
,,,,,11,Tàu Hủ Ky (1),Bean curd wrapped shrimp paste (1),7.50,,,,
,,,,,12,Chén Bì,Shredded pork skin (s.dish),5.99,,,,
,,,,,13,Chén Phở,Rice noodle (s.bowl),5.25,,,,
,,,,,14,Súp Hột Gà (2 trứng),Egg soup (2 eggs) (s.bowl),7.50,,,,
,,,,,15,Dĩa Tái,Rare beef (s.dish),6.99,,,,
,,,,,16,Chén Bò Viên,Beef balls (s.bowl),6.99,,,,
,,,,,17,Chén Gân,Soft tendon (s.bowl),6.99,,,,
,,,,,18,Chén Sách,Beef tripe (s.bowl),6.99,,,,
,,,,,19,Chén Nạm,Well-done flank (s.bowl),6.99,,,,
,,,,,20,Chén Vè Dòn,Tendon brisket (s.bowl),6.99,,,,
,,,,,21,Chén Huyết,Pork blood pudding (s.bowl),5.99,,,,
,,,,,22,Xíu Mại,"Vietnamese meatball with pork, jicama onion, tomato sauce",6.50,,,,
appetizers,Appetizers,Khai Vị,03,,98,Càng Cua Chiên,Deep fried crab ball (each),7.99,,,,
,,,,,99,Cánh Gà Chiên,"Deep fried chicken wings, per lb (12 min)",13.99,,,,
,,,,,99a,Cánh Gà Chiên Với Sauce,"Deep fried chicken wings with sauce, per lb (12 min)",14.50,,,,
,,,,,100,Hoành Thánh Chiên,Deep fried wonton (shrimp & pork),,8.25,,14.50,
,,,,,101,Chả Giò,"Deep fried spring roll w/ shrimp, pork & vegetable (2 or 4 rolls)",,8.25,,14.50,
,,,,,102,Gỏi Xoài,"Mango salad, green & red pepper & fried shrimp paste",13.50,,,,
,,,,,103,Bì Cuốn,Shredded pork skin & salad roll (2 or 4 rolls),,8.25,,14.50,
,,,,,104,Gỏi Cuốn Tôm Thịt,"Fresh shrimp, pork & salad roll with vermicelli & peanut sauce (2 or 4 rolls)",,8.25,,14.50,
,,,,,105,Gỏi Ngó Sen Tôm,"Lotus root salad, mint leaves with shrimp, pickle, peanut",13.99,,,,
,,,,,106,Síu Mại Tôm Heo (10pc.),Pork & shrimp siu mai (15 min),13.99,,,,
,,,,,107,Síu Mại Tôm (10pc.),Shrimp siu mai (15 min),13.99,,,,
,,,,,108,Síu Mại Gà (10pc.),Chicken siu mai (15 min),13.99,,,,
,,,,,109,Bánh Cuốn Nóng (không chả lụa),"Steamed rice flour with ground pork, black fungus, without sausage",13.50,,,,
,,,,,110,Bánh Cuốn Nóng Chả Lụa,"Steamed rice flour w/ ground pork, black fungus & Vietnamese sausage",14.50,,,,
,,,,,111,Há Cảo Tôm (10pc.),Shrimp dumpling (15 min),13.99,,,,
,,,,,112,Bánh Xèo,"Vietnamese crepes w/ vegetable & shrimp, pork, or chicken",15.25,,,,
,,,,,113,Mực Chiên Dòn Rau Cải,Deep fried squid & vegetable,17.50,,,,
,,,,,114,Tôm Chiên Dòn Rau Cải,Deep fried shrimp & vegetable,17.50,,,,
banhmi,Vietnamese Sandwich,Bánh Mì,04,,S01,Bánh Mì Đặc Biệt,"Assorted meats sandwich & side of broth or pop — cold cuts, Vietnamese ham/sausage, pork belly, pâté, pickled veggies, cilantro, hot chili",11.99,,,,
,,,,,S02,Bánh Mì Xá Xíu,"BBQ pork sandwich & side of broth or pop — pâté, butter, pickle veggies, cucumber, cilantro, hot chili",11.75,,,,
,,,,,S03,Bánh Mì Bì,"Shredded pork skin sandwich & side of broth or pop — Vietnamese ham, pâté, butter, pickle veggies",11.75,,,,
,,,,,S04,Bánh Mì Heo/Bò Hoặc Gà,"Grilled pork, beef, or chicken sandwich & side of broth or pop",11.75,,,,
,,,,,S05,Bánh Mì Xíu Mại,"Xiu mai sandwich & side of broth or pop — Vietnamese meatball w/ pork, jicama onion, tomato sauce",11.75,,,,
,,,,,B01,Bánh Bao,"Siu bao — ground pork, egg, sausage & vegetable",6.50,,,,
noodles,Clear & Egg Noodle,Hủ Tiếu Mì,05,,212,Hủ Tiếu Mỹ Tho (khô hoặc nước),“My Tho” style seafood & BBQ pork clear noodle soup (or on the side),16.25,,,,
,,,,,213,Mì Đặc Biệt (khô hoặc nước),Special seafood & BBQ pork egg noodle soup (or on the side),16.25,,,,
,,,,,214,Hủ Tiếu Mì (khô hoặc nước),Seafood & BBQ pork clear noodle & egg noodle soup (or on the side),16.25,,,,
,,,,,215,Bún Bò Huế,"“Hue” style beef, pork hock & blood pudding w/ vermicelli in spicy soup",16.75,,,,
,,,,,216,Hoành Thánh Mì,"Wonton (shrimp & pork) with BBQ pork, egg noodle soup",,,16.25,17.50,18.75
,,,,,217,Súp Hoành Thánh,Wonton soup (shrimp & pork),,13.75,14.99,16.50,17.50
,,,,,218,Bánh Canh Tôm Cua,Udon noodle soup with shrimp & imitation crab meat,16.25,,,,
,,,,,219,Bánh Canh Giò Heo & Chả Lụa,Udon noodle soup with pork hock & Vietnamese sausage,16.25,,,,
,,,,,220,Bò Kho,"Beef stew with egg noodle, rice noodle, clear noodle, or 1 bread",,,16.25,,19.99
pho,Rice Noodle Soups,Phở,06,"Our soup sizes range from (S) Small, (M) Medium, (L) Large, (XL) Extra-Large",316,Phở Không,Plain rice noodle soup,,11.50,12.50,13.50,14.50
,,,,,317,Phở Vè Dòn,Tendon brisket rice noodle soup,,14.25,15.50,16.75,18.50
,,,,,318,Phở Tái,Rare beef rice noodle soup,,13.75,14.99,16.50,17.99
,,,,,319,Phở Tái Nạm,Rare beef & well-done flank rice noodle soup,,13.75,14.99,16.50,17.99
,,,,,320,Phở Rau Cải,Vegetable rice noodle soup,,13.75,14.99,16.50,17.99
,,,,,321,Phở Tái Bò Viên,Rare beef & beef balls rice noodle soup,,13.75,14.99,16.50,17.99
,,,,,322,Phở Tái Gầu,Rare beef & brisket rice noodle soup,,13.75,14.99,16.50,17.99
,,,,,323,Phở Tái Gân,Rare beef & soft tendon rice noodle soup,,13.75,14.99,16.50,17.99
,,,,,324,Phở Tái Sách,Rare beef & beef tripe rice noodle soup,,13.75,14.99,16.50,17.99
,,,,,325,Phở Tái Nạm Bò Viên,"Rare beef, well-done flank & beef balls rice noodle soup",,13.75,14.99,16.50,17.99
,,,,,326,Phở Tái Nạm Gân,"Rare beef, well-done flank & soft tendon rice noodle soup",,13.75,14.99,16.50,17.99
,,,,,327,Phở Tái Nạm Sách,"Rare beef, well-done flank & beef tripe rice noodle soup",,13.75,14.99,16.50,17.99
,,,,,328,Phở Nạm,Well-done flank rice noodle soup,,14.25,15.50,16.75,18.50
,,,,,329,Phở Nạm Bò Viên,Well-done flank & beef balls rice noodle soup,,14.25,15.50,16.75,18.50
,,,,,330,Phở Nạm Gầu,Well-done flank & brisket rice noodle soup,,14.25,15.50,16.75,18.50
,,,,,331,Phở Nạm Gân,Well-done flank & soft tendon rice noodle soup,,14.25,15.50,16.75,18.50
,,,,,332,Phở Nạm Sách,Well-done flank & beef tripe rice noodle soup,,14.25,15.50,16.75,18.50
,,,,,333,Phở Nạm Gân Sách,"Well-done flank, soft tendon & beef tripe rice noodle soup",,14.25,15.50,16.75,18.50
,,,,,334,Phở Bò Viên Sách,Beef balls & tripe rice noodle soup,,14.25,15.50,16.75,18.50
,,,,,335,Phở Bò Viên,Beef balls rice noodle soup,,14.25,15.50,16.75,18.50
,,,,,336,Phở Đặc Biệt,"Special assorted beef rice noodle soup (tái (rare beef), nạm (flank), gân (soft tendon), sách (tripe), bò viên (beef ball))",,14.25,15.50,16.75,18.50
,,,,,337,Phở Gà Nướng,Grilled chicken with lemongrass & rice noodle soup,,14.25,15.50,16.75,18.50
,,,,,338,Phở Gà,Chicken rice noodle soup,,14.25,15.50,16.75,18.50
,,,,,339,Phở Tái Gà,Rare beef & chicken rice noodle soup,,14.25,15.50,16.75,18.50
,,,,,340,Phở Nạm Gà,Well-done flank & chicken rice noodle soup,,14.25,15.50,16.75,18.50
,,,,,341,Phở Bò Gà,"Assorted beef & chicken rice noodle soup (tái (rare beef), nạm (flank), gân (soft tendon), sách (tripe), bò viên (beef ball), gà (chicken))",,14.25,15.50,16.75,18.50
,,,,,342,Phở Tôm Nướng,Grilled shrimp rice noodle soup,,14.25,15.50,16.75,18.50
,,,,,343,Phở Đồ Biển Rau Cải,Seafood with vegetable rice noodle soup,,14.50,15.75,16.99,18.75
,,,,,344,Phở Thái,Thai style rare beef & shrimp rice noodle soup,,14.50,15.75,16.99,18.75
,,,,,345,Phở Tom Yum,Well-done flank w/ Tom Yum sauce rice noodle soup,,14.50,15.75,16.99,18.75
,,,,,346,Phở Heo Nướng,Grilled pork with lemongrass rice noodle soup,,14.50,15.75,16.99,18.75
,,,,,347,Phở Xá Xíu,BBQ pork rice noodle soup,,14.50,15.75,16.99,18.75
,,,,,348,Phở Bò Nướng,Grilled beef with lemongrass rice noodle soup,,14.50,15.75,16.99,18.75
bun,Vermicelli,Bún,07,,441,Bún Đặc Biệt,"Special assorted meat vermicelli (beef, chicken, pork & shrimp)",17.99,,,,
,,,,,442,Bún Tôm Nướng,Vermicelli with grilled shrimp,17.99,,,,
,,,,,443,"Bún Tôm Nướng, Chả Giò",Vermicelli with grilled shrimp & spring roll (pork & shrimp),17.99,,,,
,,,,,447,"Bún Thịt Nướng, Chả Giò, Bì","Vermicelli with grilled pork, spring roll & shredded pork skin",16.75,,,,
,,,,,448,"Bún Thịt Nướng, Chả Giò",Vermicelli with grilled pork & spring roll (pork & shrimp),16.75,,,,
,,,,,449,"Bún Thịt Nướng, Bì",Vermicelli with grilled pork & shredded pork skin,16.75,,,,
,,,,,450,"Bún Chả Giò, Bì",Vermicelli with spring roll & shredded pork skin,16.75,,,,
,,,,,451,Bún Chả Giò,Vermicelli with spring roll (pork & shrimp),16.75,,,,
,,,,,452,Bún Bò Xào Xả Ớt,Grilled beef with lemongrass & hot chili on vermicelli,16.99,,,,
,,,,,452a,Bún Chả Giò Gà Nướng,Vermicelli with spring roll & grilled chicken with lemongrass,16.99,,,,
,,,,,453,Bún Gà Nướng,Vermicelli with grilled chicken with lemongrass,16.99,,,,
,,,,,454,"Bún Thịt Nướng, Nem Nướng",Vermicelli with grilled pork & grilled meat balls,16.75,,,,
,,,,,455,"Bún Chả Giò, Nem Nướng",Vermicelli with spring roll & grilled meat balls,16.75,,,,
,,,,,456,Bún Nem Nướng,Vermicelli with Vietnamese grilled meat balls,16.75,,,,
,,,,,457,Nem Nướng,"Vietnamese grilled meat balls, served with vermicelli, mint leaves, salad & rice paper — make your own wrap",19.50,,,,
,,,,,477,"Bún Chạo Tôm, Chả Giò",Vermicelli with grilled shrimp paste on sugar cane & spring roll,17.99,,,,
,,,,,478,"Bún Chạo Tôm, Nem Nướng, Bì","Vermicelli with grilled shrimp paste on sugar cane, shredded pork skin & meat ball",19.50,,,,
comtam,Steamed Rice,Cơm Tấm,08,,458,"Cơm Tấm Sườn Nướng, Chả, Bì","Grilled pork chop, shredded pork skin & steamed egg with ground pork, steamed rice",16.99,,,,
,,,,,459,"Cơm Tấm Sườn Nướng, Bì, Trứng Ổp La","Grilled pork chop, shredded pork skin & fried egg, steamed rice",16.99,,,,
,,,,,460,"Cơm Tấm Sườn Nướng, Chả, Ổp La","Grilled pork chop, fried egg & steamed egg with ground pork, steamed rice",16.99,,,,
,,,,,461,Cơm Tấm Sườn Nướng,Grilled pork chop with steamed rice,16.99,,,,
,,,,,462,Cơm Tấm Sườn Nướng Bì,"Grilled pork chop & shredded pork skin, steamed rice",16.99,,,,
,,,,,463,Cơm Tấm Sườn Nướng Chả,"Grilled pork chop, steamed egg with ground pork, steamed rice",16.99,,,,
,,,,,464,"Cơm Tấm Sườn Nướng, Trứng Ổp La","Grilled pork chop with fried egg, steamed rice",16.99,,,,
,,,,,465,"Cơm Tấm Gà Nướng, Bì, Chả","Grilled chicken with lemongrass, shredded pork skin, steamed egg with ground pork, steamed rice",16.99,,,,
,,,,,466,"Cơm Tấm Gà Nướng, Bì, Trứng Ổp La","Grilled chicken with lemongrass, shredded pork skin & fried egg, steamed rice",16.99,,,,
,,,,,467,"Cơm Tấm Gà Nướng, Chả, Ổp La","Grilled chicken with lemongrass, fried egg, steamed egg with ground pork, steamed rice",16.99,,,,
,,,,,468,"Cơm Tấm Gà Nướng, Sườn Nướng, Ổp La","Grilled chicken with lemongrass, pork chop & fried egg, steamed rice",17.25,,,,
,,,,,469,Cơm Tấm Đặc Biệt,"Grilled chicken with lemongrass, pork chop, shredded pork skin, steamed egg with ground pork, fried egg, steamed rice",18.50,,,,
,,,,,470,"Cơm Tấm Gà Nướng, Bì","Grilled chicken with lemongrass, shredded pork skin, steamed rice",16.99,,,,
,,,,,471,Cơm Tấm Gà Nướng Chả,"Grilled chicken with lemongrass, steamed egg with ground pork, steamed rice",16.99,,,,
,,,,,472,"Cơm Tấm Gà Nướng, Trứng Ổp La","Grilled chicken with lemongrass, fried egg, steamed rice",16.99,,,,
,,,,,473,Cơm Tấm Gà Nướng,"Grilled chicken with lemongrass, steamed rice",17.25,,,,
,,,,,474a,Cơm Tôm Rim Gà Nướng,"Marinated shrimp with sauce, grilled chicken with lemongrass, steamed rice",18.50,,,,
,,,,,474b,Cơm Tôm Rim Sườn Nướng,"Marinated shrimp, grilled pork chop, steamed rice",18.50,,,,
,,,,,475,"Cơm Tàu Hủ Ky Tôm, Gà Nướng","Bean curd wrapped shrimp paste, grilled chicken, steamed rice",18.50,,,,
,,,,,476,"Cơm Tàu Hủ Ky Tôm, Sườn Nướng","Bean curd wrapped shrimp paste, grilled pork chop, steamed rice",18.50,,,,
,,,,,476a,Cơm Sườn Bò Non Nướng,Grilled beef short rib with steamed rice,18.75,,,,
chay,Vegetarian,Thức Ăn Chay,09,,501,Chả Giò Chay,Vegetarian deep fried spring rolls (12 min),,8.25,,14.50,
,,,,,502,Bún Chả Giò Chay,Vermicelli with vegetable spring rolls (12 min),16.75,,,,
,,,,,503,Bún Đậu Hũ Chiên,Vermicelli with deep fried tofu,16.75,,,,
,,,,,505,Gỏi Cuốn Chay,"Vegetarian fresh rolls with tofu, vermicelli & peanut sauce",,8.25,,14.50,
,,,,,506,Phở Rau Cải Đậu Hũ,Mixed vegetable & tofu rice noodle soup,,13.75,14.99,16.50,17.99
,,,,,507,Đậu Hũ Chiên,Deep fried tofu,14.50,,,,
,,,,,508,Cơm Rau Cải Xào Đậu Hũ,Stir fried mixed vegetable with tofu on steamed rice,17.99,,,,
,,,,,509,Mì Xào Giòn Rau Cải Đậu Hũ,Stir fried mixed vegetable & tofu with crispy egg noodle,17.99,,,,
,,,,,509a,Mì Xào Mềm Rau Cải Đậu Hũ,Stir fried mixed vegetable & tofu with soft egg noodle,17.99,,,,
,,,,,510,Cơm Chiên Chay,"Vegetarian, mixed vegetable, tofu fried rice",17.99,,,,
,,,,,511,Pad Thái Chay,"Thai style stir fried mixed vegetable, tofu with rice noodle",17.99,,,,
,,,,,512,Bún Xào Singapore Chay,"Stir fried vermicelli with curry, tofu & mixed vegetable (Singapore style)",17.99,,,,
,,,,,513,Hủ Tiếu Xào Rau Cải Đậu Hũ,Stir fried rice noodle with tofu & mixed vegetable,17.99,,,,
friedrice,Fried Rice / Noodle,Cơm Chiên · Mì / Hủ Tiếu Xào,10,,601,Cơm Chiên Gà Thái Lan,"Thai style chicken with egg, peas, carrot, corn fried rice",17.99,,,,
,,,,,602,Cơm Chiên Tôm Thái Lan,"Thai style shrimp with egg, peas, carrot, corn fried rice",17.99,,,,
,,,,,603,Cơm Chiên Thượng Hải,"Shanghai fried rice with egg, BBQ pork, shrimp, corn, peas, carrot, lettuce",17.99,,,,
,,,,,604,Cơm Chiên Dương Châu,"Yang Chow fried rice with egg, BBQ pork, shrimp, sausage, peas, carrot, corn",17.99,,,,
,,,,,605,Cơm Chiên Gà,"Chicken with egg, peas, carrot, corn fried rice",17.99,,,,
,,,,,606,Cơm Chiên Tôm,"Shrimp with egg, peas, carrot, corn fried rice",17.99,,,,
,,,,,606a,Cơm Chiên Đồ Biển,"Seafood with egg, peas, carrot, corn fried rice",17.99,,,,
,,,,,607,"Cơm Chiên Gà, Tôm","Chicken & shrimp with egg, peas, corn & carrot fried rice",17.99,,,,
,,,,,608,Cơm Chiên Gà Càri,"Curry chicken with egg, peas, carrot, corn fried rice",17.99,,,,
,,,,,609,Cơm Chiên Bò Càri,"Curry beef with egg, peas, carrot, corn fried rice",18.50,,,,
,,,,,610,Cơm Chiên Xá Xíu,"BBQ pork with egg, peas, carrot, corn fried rice",17.99,,,,
,,,,,611,Cơm Chiên Gà Hạt Điều,"Chicken, egg with cashew, peas, carrot, corn fried rice",17.99,,,,
,,,,,612,Cơm Chiên Đặc Biệt,"Special fried rice, shrimp, chicken, beef, BBQ pork, egg, peas, carrot, corn",18.50,,,,
,,,,,613,Mì Xào Đồ Biển Rau Cải,Assorted seafood & vegetables w/ crispy or soft egg noodle,17.99,,,,
,,,,,614,Mì Xào Giòn Đặc Biệt,"Special stir fried beef, chicken, seafood & vegetables, crispy or soft egg noodle",18.50,,,,
,,,,,615,Mì Xào Giòn Tôm Rau Cải,Shrimp & vegetables with crispy or soft egg noodle,17.99,,,,
,,,,,616,Mì Xào Giòn Bò Rau Cải,Beef & vegetables with crispy or soft egg noodle,18.50,,,,
,,,,,617,Pad Thái Tôm Gà Rau Cải,"Thai style stir fried rice noodle with shrimp, chicken, tofu, egg & vegetables",17.99,,,,
,,,,,618,Pad Thái Đồ Biển Rau Cải,"Thai style stir fried rice noodle with assorted seafood, tofu, egg & vegetable",17.99,,,,
,,,,,619,Hủ Tiếu Xào Đồ Biển Rau Cải,Stir fried rice noodle with assorted seafood & mixed vegetable,17.99,,,,
,,,,,620,Hủ Tiếu Xào Đặc Biệt,"Special stir fried rice noodle with beef, chicken, seafood & mixed vegetable",18.50,,,,
,,,,,621,Hủ Tiếu Xào Tôm Rau Cải,Stir fried rice noodle with shrimp & mixed vegetable,17.99,,,,
,,,,,622,Hủ Tiếu Xào Bò Rau Cải,Stir fried rice noodle with beef & mixed vegetable,18.50,,,,
,,,,,623,Hủ Tiếu Xào Gà Rau Cải,Stir fried rice noodle with chicken & mixed vegetable,17.99,,,,
,,,,,624,Hủ Tiếu Xào Bò Hành Gừng,"Stir fried rice noodle with beef, ginger & green onion",18.50,,,,
,,,,,625,Cơm Gà Xào Rau Cải,Stir fried chicken & mixed vegetable on rice,17.99,,,,
,,,,,626,Cơm Bò Xào Rau Cải,Stir fried beef & mixed vegetable on rice,18.50,,,,
,,,,,627,Cơm Xào Đặc Biệt,"Special stir fried beef, chicken, seafood & vegetable on steamed rice",18.50,,,,
,,,,,628,Bún Xào Singapore Đặc Biệt,"Special Singapore style vermicelli with curry, beef, chicken, seafood, egg & mixed vegetable",18.50,,,,
,,,,,628a,Bún Xào Đồ Biển Singapore,"Singapore style vermicelli with curry, seafood, egg & mixed vegetable",17.99,,,,
,,,,,629,Mì Xào Thượng Hải,"Stir fried Shanghai udon noodle with shrimp, BBQ pork, mixed vegetable",17.99,,,,
,,,,,—,Cơm Xào Gà Rau Cải Thái Sauce,"Stir fried chicken, vegetable & Thai sauce on rice",17.99,,,,
drinks,Beverages & Desserts,Giải Khát,11,,777,Bubble Tea,"Taro, red bean, peach, honeydew, blueberry, mango, pineapple, lychee, strawberry, passion fruit, banana, coconut, green apple, milk tea, coffee, matcha green tea",,,6.99,7.99,
,,,,,778,Cà Phê Đen Nóng/Lạnh,"Filtered coffee, hot or cold black (8 min)",6.99,,,,
,,,,,779,Cà Phê Sữa Nóng/Lạnh,"Filtered coffee with condensed milk, hot or cold (8 min)",6.99,,,,
,,,,,780,Cà Phê Sữa Nóng/Lạnh,"Machine coffee with condensed milk, hot or cold",6.99,,,,
,,,,,781,Nước Ngọt Các Loại,"Soft drinks — Coke, Sprite, Crush, Pepsi, Nestea, club soda, orange...",2.50,,,,
,,,,,783,Nước Đá Chanh Tươi,Fresh squeezed lime juice with sugar & ice,6.99,,,,
,,,,,784,Nước Đá Chanh Muối,Salted lime juice with sugar & ice,6.99,,,,
,,,,,785,Soda Chanh Tươi,"Fresh squeezed lime juice with soda, sugar & ice",6.99,,,,
,,,,,786,Soda Chanh Muối,"Salted lime juice with soda, sugar & ice",6.99,,,,
,,,,,787,Soda Sữa Hột Gà,Soda whipped with condensed milk & one egg yolk,8.99,,,,
,,,,,790,Đá Nhãn Nhục,Dried longan with sugar & ice,6.99,,,,
,,,,,791,Thạch Chè,"Sweet jelly, white kidney beans, coconut milk & shaved ice",6.99,,,,
,,,,,792,Thạch Nhãn,Sweet jelly & dried longan with ice,6.99,,,,
,,,,,793,Sương Sa Hột Lựu,"Jelly, white beans & tapioca w/ coconut milk & shaved ice",6.99,,,,
,,,,,794,Chè 3 Màu,"Two kinds of beans, jelly with coconut milk & shaved ice",6.99,,,,
,,,,,795,Cam Vắt,Fresh squeezed orange juice with ice,6.99,,,,
,,,,,796,Rau Má,Penny wort leaves juice,6.99,,,,
,,,,,797,Dừa Xiêm,Fresh coconut juice,6.99,,,,
,,,,,798,Sinh Tố Dừa Tươi,Coconut milk shake,6.99,,,,
,,,,,799,Sinh Tố Mãng Cầu,Soursop smoothie,6.99,,,,
,,,,,800,Sinh Tố Mít,Jackfruit smoothie,6.99,,,,
,,,,,801,Sinh Tố Sầu Riêng,Durian milk shake,6.99,,,,
,,,,,802,Sinh Tố Dâu,Strawberry milk shake,6.99,,,,
,,,,,803,Sinh Tố Rau Má,Penny wort leaves smoothie,6.99,,,,
,,,,,804,Nước Mía,Sugarcane juice,6.99,,,,
,,,,,805,Sinh Tố Bơ,Avocado milk shake,6.99,,,,
,,,,,806,Sinh Tố Xoài,Mango smoothie,6.99,,,,
,,,,,807,Sinh Tố Đu Đủ,Papaya milk shake,6.99,,,,
,,,,,808,Sinh Tố Đậu Xanh Sầu Riêng,Durian & mung bean milk shake,,,,,
,,,,,809,Nước Đá Chanh Dây,Passion fruit juice with sugar & ice,6.99,,,,
,,,,,810,Chuối Chiên,Deep fried banana with coconut milk & peanut,6.99,,,,
,,,,,811,Chè Halo Halo,"Filipino dessert — bean, purple yam, jelly, shredded coconut, milk, ube ice cream, jackfruit with shaved ice",7.99,,,,
,,,,,812,Chè Thái,"Thai cocktail with palm seed, jackfruit, longan, jelly, milk, durian with shaved ice",7.99,,,,
,,,,,813,Chè Dừa Dầm,"Shredded coconut, coconut jelly, coconut cream with shaved ice",6.99,,,,
,,,,,814,Chè Khoai Môn,Taro with sweet rice pudding & coconut milk,6.99,,,,
,,,,,815,Chè Đậu Trắng,Black eyed peas with sweet rice pudding & coconut milk,6.99,,,,
,,,,,816,Bánh Flan,Flan cake,6.50,,,,
,,,,,817,Bánh Bò Nướng,"Honeycomb cake — sugar, egg, tapioca flour & coconut milk",6.50,,,,
